timestamp_ms,zone1_v,zone2_v,zone3_v,bus_voltage_v,current_ma,power_mw,ax,ay,az,gx,gy,gz,label,experiment_id,physical_event,electrical_state,data_quality,session_id,accel_mag,gyro_mag,delta_accel,delta_gyro,rolling_mean,rolling_std,peak_accel,peak_gyro,zone_voltage_mean,zone_voltage_std
55740,1.562,1.43,1.467,3.276,0.1,0.0,-11764,792,9852,829,375,27,NORMAL_STATIONARY,EXP_01_NORMAL_STATIONARY,,,,EXP_01_NORMAL_STATIONARY_S1,15364.923169349075,910.2719373901406,,,15364.923169349075,,15364.923169349075,910.2719373901406,1.4863333333333333,0.0555957632278656
55845,1.543,1.428,1.467,3.276,0.3,0.0,-11768,784,9708,854,344,5,NORMAL_STATIONARY,EXP_01_NORMAL_STATIONARY,,,,EXP_01_NORMAL_STATIONARY_S1,15275.658545542317,920.6937601613253,89.2646238067573,10.42182277118468,15320.290857445696,63.11962081382421,15364.923169349075,920.6937601613253,1.4793333333333336,0.047751672454713255
55950,1.561,1.429,1.462,3.276,0.4,0.0,-11772,780,9700,853,331,33,NORMAL_STATIONARY,EXP_01_NORMAL_STATIONARY,,,,EXP_01_NORMAL_STATIONARY_S1,15273.45357147492,915.5648529732888,2.2049740673974156,5.1289071880364645,15304.678428788771,52.185122894779525,15364.923169349075,920.6937601613253,1.484,0.056089214649520595
56055,1.568,1.431,1.469,3.276,0.5,0.0,-11764,752,9804,813,328,28,NORMAL_STATIONARY,EXP_01_NORMAL_STATIONARY,,,,EXP_01_NORMAL_STATIONARY_S1,15332.175840369167,877.1185780725432,58.72226889424746,38.44627490074561,15311.55278168387,44.77221919822896,15364.923169349075,920.6937601613253,1.4893333333333334,0.05774849685393455
56160,1.564,1.436,1.463,3.28,0.4,0.0,-11808,816,9888,809,349,21,NORMAL_STATIONARY,EXP_01_NORMAL_STATIONARY,,,,EXP_01_NORMAL_STATIONARY_S1,15422.946022080218,881.3188980159225,90.7701817110501,4.200319943379327,15333.831429763139,63.12768418174729,15422.946022080218,920.6937601613253,1.4876666666666667,0.0550898256385777
56265,1.563,1.431,1.468,3.276,0.4,0.0,-11784,816,9900,802,363,13,NORMAL_STATIONARY,EXP_01_NORMAL_STATIONARY,,,,EXP_01_NORMAL_STATIONARY_S1,15412.284451047482,880.421489969435,10.661571032735083,0.8974080464874987,15343.30368610282,71.90267748481384,15422.946022080218,920.6937601613253,1.4873333333333332,0.055595763227865524
2565,1.575,1.43,1.472,3.28,0.2,0.0,-11760,824,9804,769,295,39,NORMAL_STATIONARY,EXP_01_NORMAL_STATIONARY,,,,EXP_01_NORMAL_STATIONARY_S2,15332.807701135496,824.5647336625549,,,15332.807701135496,,15332.807701135496,824.5647336625549,1.4923333333333335,0.060917065662168014
3570,1.584,1.427,1.463,3.28,0.2,0.0,-11768,800,9828,798,349,-23,NORMAL_STATIONARY,EXP_01_NORMAL_STATIONARY,,,,EXP_01_NORMAL_STATIONARY_S2,15353.026020951049,871.2829620737456,20.218319815552604,46.718228411190694,15342.916861043272,14.296511045776237,15353.026020951049,871.2829620737456,1.4913333333333334,0.06715322446134331
4575,1.58,1.433,1.443,3.276,0.4,0.0,-11756,776,9720,819,379,38,NORMAL_STATIONARY,EXP_01_NORMAL_STATIONARY,,,,EXP_01_NORMAL_STATIONARY_S2,15273.641085216059,903.2419387960238,79.38493573499,31.95897672227818,15319.824935767536,41.254165278935744,15353.026020951049,903.2419387960238,1.4853333333333332,0.06706381703687583
5580,1.579,1.429,1.468,3.276,0.2,0.0,-11748,884,9684,877,344,-16,NORMAL_STATIONARY,EXP_01_NORMAL_STATIONARY,,,,EXP_01_NORMAL_STATIONARY_S2,15250.469369825965,942.1894713909724,23.171715390093595,38.9475325949486,15302.486044282143,48.344107538319854,15353.026020951049,942.1894713909724,1.492,0.06354525946126899
6585,1.562,1.429,1.466,3.276,0.5,0.0,-11752,780,9860,771,357,-5,NORMAL_STATIONARY,EXP_01_NORMAL_STATIONARY,,,,EXP_01_NORMAL_STATIONARY_S2,15360.257289511786,849.6558126676942,109.78791968582118,92.53365872327811,15314.040293328071,49.19723473259705,15360.257289511786,942.1894713909724,1.4856666666666667,0.05604958122551458
7590,1.561,1.429,1.468,3.276,0.0,0.0,-11808,824,9772,884,388,-42,NORMAL_STATIONARY,EXP_01_NORMAL_STATIONARY,,,,EXP_01_NORMAL_STATIONARY_S2,15349.261350306078,966.3146485488047,10.995939205708055,116.65883588111046,15317.331023162187,51.2728835886212,15360.257289511786,966.3146485488047,1.486,0.05537147279962847
8595,1.563,1.43,1.468,3.276,0.1,0.0,-11832,776,9716,799,329,4,NORMAL_STATIONARY,EXP_01_NORMAL_STATIONARY,,,,EXP_01_NORMAL_STATIONARY_S2,15329.678926839922,864.0937449142888,19.582423466155888,102.22090363451593,15312.66160433996,48.179235318159016,15360.257289511786,966.3146485488047,1.487,0.055934485486743034
9600,1.563,1.424,1.449,3.276,0.3,0.0,-11784,820,9812,810,334,24,NORMAL_STATIONARY,EXP_01_NORMAL_STATIONARY,,,,EXP_01_NORMAL_STATIONARY_S2,15356.119301438108,876.4884482980937,26.44037459818537,12.394703383804881,15329.157247584371,45.525800809847716,15360.257289511786,966.3146485488047,1.4786666666666666,0.060499770431153045
10605,1.541,1.429,1.467,3.28,0.5,0.0,-11804,868,9684,788,332,12,NORMAL_STATIONARY,EXP_01_NORMAL_STATIONARY,,,,EXP_01_NORMAL_STATIONARY_S2,15292.733437812874,855.167819787438,63.38586362523347,21.320628510655638,15337.610061181753,27.6950161631103,15360.257289511786,966.3146485488047,1.4789999999999999,0.04650448007092071
11610,1.566,1.43,1.472,3.276,0.4,0.0,-11824,796,9768,806,340,34,NORMAL_STATIONARY,EXP_01_NORMAL_STATIONARY,,,,EXP_01_NORMAL_STATIONARY_S2,15357.552409156871,875.4381760010241,64.81897134399696,20.27035621358607,15337.06908511077,27.163360880425408,15357.552409156871,966.3146485488047,1.4893333333333334,0.05685849882725444
12615,1.567,1.431,1.453,3.276,0.2,0.0,-11876,760,9756,826,339,1,NORMAL_STATIONARY,EXP_01_NORMAL_STATIONARY,,,,EXP_01_NORMAL_STATIONARY_S2,15388.193916116343,892.8594514255869,30.64150695947137,17.42127542456285,15344.855598272823,35.75381369841031,15388.193916116343,892.8594514255869,1.483666666666667,0.05960611452601892
13620,1.572,1.424,1.469,3.276,0.3,0.0,-11816,792,9784,831,321,-21,NORMAL_STATIONARY,EXP_01_NORMAL_STATIONARY,,,,EXP_01_NORMAL_STATIONARY_S2,15361.372855314723,891.0909044536365,26.82106080161975,1.7685469719504,15351.194383967784,35.195625366995095,15388.193916116343,892.8594514255869,1.4883333333333333,0.06194800687314775
14625,1.58,1.429,1.467,3.276,0.3,0.0,-11828,796,9796,809,361,1,NORMAL_STATIONARY,EXP_01_NORMAL_STATIONARY,,,,EXP_01_NORMAL_STATIONARY_S2,15378.45297811194,885.8910768260396,17.080122797216973,5.19982762759696,15355.661119302551,37.32943108248398,15388.193916116343,892.8594514255869,1.4920000000000002,0.0641300761473637
15630,1.584,1.427,1.467,3.276,0.3,0.0,-11728,796,9800,857,368,-1,NORMAL_STATIONARY,EXP_01_NORMAL_STATIONARY,,,,EXP_01_NORMAL_STATIONARY_S2,15304.234708079983,932.6703597734839,74.21827003195722,46.77928294744436,15357.961373355973,32.52795924194623,15388.193916116343,932.6703597734839,1.4926666666666666,0.06661497996363548
16635,1.566,1.431,1.467,3.276,0.3,0.0,-11776,772,9756,828,309,26,NORMAL_STATIONARY,EXP_01_NORMAL_STATIONARY,,,,EXP_01_NORMAL_STATIONARY_S2,15311.750259196366,884.1611844002201,7.515551116382994,48.509175373263815,15348.80094336387,38.56165505310168,15388.193916116343,932.6703597734839,1.4880000000000002,0.057078892771321346
17640,1.571,1.422,1.468,3.276,0.3,0.0,-11768,808,9816,805,331,-40,NORMAL_STATIONARY,EXP_01_NORMAL_STATIONARY,,,,EXP_01_NORMAL_STATIONARY_S2,15345.766321692769,871.3128026145375,34.01606249640281,12.84838178568259,15340.315424479155,31.801680122411693,15378.45297811194,932.6703597734839,1.487,0.062294997123899666
18645,1.581,1.414,1.461,3.276,0.4,0.0,-11824,844,9744,861,366,-3,NORMAL_STATIONARY,EXP_01_NORMAL_STATIONARY,,,,EXP_01_NORMAL_STATIONARY_S2,15344.863896431274,935.5672076339572,0.9024252614944999,64.25440501941966,15337.013632702467,29.867003086408406,15378.45297811194,935.5672076339572,1.4853333333333334,0.07031516352979791
19650,1.571,1.418,1.462,3.276,0.2,0.0,-11748,864,9836,784,362,43,NORMAL_STATIONARY,EXP_01_NORMAL_STATIONARY,,,,EXP_01_NORMAL_STATIONARY_S2,15346.299097828114,864.609160256818,1.435201396840057,70.95804737713922,15330.582856645702,20.79890384507398,15346.299097828114,935.5672076339572,1.4836666666666665,0.06431346843564124
20655,1.595,1.424,1.444,3.276,0.3,0.0,-11768,812,9824,807,308,-10,NORMAL_STATIONARY,EXP_01_NORMAL_STATIONARY,,,,EXP_01_NORMAL_STATIONARY_S2,15351.09585664815,863.8362113271243,4.796758820035393,0.7729489296937118,15339.955086359336,15.951037520021051,15351.09585664815,935.5672076339572,1.4876666666666667,0.07633406113190161
21660,1.575,1.427,1.468,3.276,0.3,0.0,-11656,864,9840,842,345,-16,NORMAL_STATIONARY,EXP_01_NORMAL_STATIONARY,,,,EXP_01_NORMAL_STATIONARY_S2,15278.561188803087,910.0796668424144,72.53466784506236,46.24345551529018,15333.317272280678,30.704795614856593,15351.09585664815,935.5672076339572,1.49,0.062391238701172316
22665,1.569,1.417,1.468,3.276,0.5,0.0,-11732,820,9764,818,342,-12,NORMAL_STATIONARY,EXP_01_NORMAL_STATIONARY,,,,EXP_01_NORMAL_STATIONARY_S2,15285.546113894656,886.6972425805778,6.984925091568584,23.382424261836604,15321.273230721057,35.96160435738584,15351.09585664815,935.5672076339572,1.4846666666666666,0.063162928649292
23670,1.579,1.413,1.496,3.276,0.4,0.0,-11800,824,9780,791,357,-23,NORMAL_STATIONARY,EXP_01_NORMAL_STATIONARY,,,,EXP_01_NORMAL_STATIONARY_S2,15348.204324936516,868.1353581095519,62.65821104186034,18.561884471025905,15321.941316422104,36.53587478869091,15351.09585664815,910.0796668424144,1.4959999999999998,0.06776921621700123
55740,1.562,1.43,1.467,3.276,0.1,0.0,-11764,792,9852,829,375,27,NORMAL,EXP_02_PHYSICAL_EXPERIMENTS_LABELED,STATIONARY,NORMAL,MEASURED,EXP_02_PHYSICAL_EXPERIMENTS_LABELED_S1,15364.923169349075,910.2719373901406,,,15364.923169349075,,15364.923169349075,910.2719373901406,1.4863333333333333,0.0555957632278656
55845,1.543,1.428,1.467,3.276,0.3,0.0,-11768,784,9708,854,344,5,NORMAL,EXP_02_PHYSICAL_EXPERIMENTS_LABELED,STATIONARY,NORMAL,MEASURED,EXP_02_PHYSICAL_EXPERIMENTS_LABELED_S1,15275.658545542317,920.6937601613253,89.2646238067573,10.42182277118468,15320.290857445696,63.11962081382421,15364.923169349075,920.6937601613253,1.4793333333333336,0.047751672454713255
55950,1.561,1.429,1.462,3.276,0.4,0.0,-11772,780,9700,853,331,33,NORMAL,EXP_02_PHYSICAL_EXPERIMENTS_LABELED,STATIONARY,NORMAL,MEASURED,EXP_02_PHYSICAL_EXPERIMENTS_LABELED_S1,15273.45357147492,915.5648529732888,2.2049740673974156,5.1289071880364645,15304.678428788771,52.185122894779525,15364.923169349075,920.6937601613253,1.484,0.056089214649520595
56055,1.568,1.431,1.469,3.276,0.5,0.0,-11764,752,9804,813,328,28,NORMAL,EXP_02_PHYSICAL_EXPERIMENTS_LABELED,STATIONARY,NORMAL,MEASURED,EXP_02_PHYSICAL_EXPERIMENTS_LABELED_S1,15332.175840369167,877.1185780725432,58.72226889424746,38.44627490074561,15311.55278168387,44.77221919822896,15364.923169349075,920.6937601613253,1.4893333333333334,0.05774849685393455
56160,1.564,1.436,1.463,3.28,0.4,0.0,-11808,816,9888,809,349,21,NORMAL,EXP_02_PHYSICAL_EXPERIMENTS_LABELED,STATIONARY,NORMAL,MEASURED,EXP_02_PHYSICAL_EXPERIMENTS_LABELED_S1,15422.946022080218,881.3188980159225,90.7701817110501,4.200319943379327,15333.831429763139,63.12768418174729,15422.946022080218,920.6937601613253,1.4876666666666667,0.0550898256385777
60100,1.56,1.43,1.465,3.276,0.4,0.0,-12150,1120,10450,1250,580,110,NORMAL,EXP_02_PHYSICAL_EXPERIMENTS_LABELED,LIGHT_VIBRATION,NORMAL,MEASURED,EXP_02_PHYSICAL_EXPERIMENTS_LABELED_S1,16064.849828118531,1382.389236069205,641.9038060383136,501.0703380532825,15473.81676151703,335.9249004513399,16064.849828118531,1382.389236069205,1.485,0.054924190177613644
60200,1.558,1.432,1.464,3.276,0.3,0.0,-11980,950,9920,980,410,45,NORMAL,EXP_02_PHYSICAL_EXPERIMENTS_LABELED,LIGHT_VIBRATION,NORMAL,MEASURED,EXP_02_PHYSICAL_EXPERIMENTS_LABELED_S1,15582.981101188565,1063.261491825976,481.8687269299662,319.127744243229,15535.281272646282,318.2541825447169,16064.849828118531,1382.389236069205,1.4846666666666668,0.05347481234708131
61000,1.565,1.428,1.468,3.276,0.4,0.0,-14200,2400,12100,3400,1850,420,PHYSICAL_TAMPER,EXP_02_PHYSICAL_EXPERIMENTS_LABELED,SINGLE_PUSH,NORMAL,MEASURED,EXP_02_PHYSICAL_EXPERIMENTS_LABELED_S1,18809.837851507385,3893.443206212208,3226.8567503188206,2830.181714386232,16242.558128652774,1462.712137322186,18809.837851507385,3893.443206212208,1.487,0.057521010654078976
61100,1.562,1.43,1.466,3.276,0.4,0.0,-12500,1200,10200,1400,620,120,PHYSICAL_TAMPER,EXP_02_PHYSICAL_EXPERIMENTS_LABELED,SINGLE_PUSH,NORMAL,MEASURED,EXP_02_PHYSICAL_EXPERIMENTS_LABELED_S1,16178.07157852876,1535.8385331798393,2631.766272978626,2357.6046730323687,16411.73727628469,1377.530568720495,18809.837851507385,3893.443206212208,1.486,0.055713553108736526
62000,1.56,1.429,1.467,3.276,0.5,0.0,-15100,3100,13500,4200,2300,680,PHYSICAL_TAMPER,EXP_02_PHYSICAL_EXPERIMENTS_LABELED,REPEATED_PUSHES,NORMAL,MEASURED,EXP_02_PHYSICAL_EXPERIMENTS_LABELED_S1,20490.729611216873,4836.569031865461,4312.658032688114,3300.7304986856216,17425.29399411202,2128.0475848660735,20490.729611216873,4836.569031865461,1.4853333333333332,0.05502928513275656
62100,1.563,1.431,1.465,3.276,0.4,0.0,-14800,2900,13100,3900,2100,590,PHYSICAL_TAMPER,EXP_02_PHYSICAL_EXPERIMENTS_LABELED,REPEATED_PUSHES,NORMAL,MEASURED,EXP_02_PHYSICAL_EXPERIMENTS_LABELED_S1,19976.48617750379,4468.568003286959,514.2434337130835,368.001028578502,18207.621263989076,2219.906503417679,20490.729611216873,4836.569031865461,1.4863333333333333,0.05596030339048878
62200,1.561,1.43,1.468,3.276,0.4,0.0,-15400,3400,13900,4600,2600,750,PHYSICAL_TAMPER,EXP_02_PHYSICAL_EXPERIMENTS_LABELED,REPEATED_PUSHES,NORMAL,MEASURED,EXP_02_PHYSICAL_EXPERIMENTS_LABELED_S1,21022.131195480633,5336.89984916337,1045.6450179768435,868.3318458764115,19295.451282847487,1925.3440573243038,21022.131195480633,5336.89984916337,1.4863333333333333,0.05502928513275655
63000,1.564,1.428,1.466,3.276,0.4,0.0,-18200,5600,16800,8200,4800,1450,PHYSICAL_TAMPER,EXP_02_PHYSICAL_EXPERIMENTS_LABELED,STRONG_SHAKING,NORMAL,MEASURED,EXP_02_PHYSICAL_EXPERIMENTS_LABELED_S1,25393.700006103878,9611.581555602595,4371.568810623245,4274.681706439225,20612.223713766783,3282.954761649583,25393.700006103878,9611.581555602595,1.486,0.05729456053297444
63100,1.562,1.43,1.467,0.0,0.0,0.0,-17900,5300,16200,7900,4500,1380,PHYSICAL_TAMPER,EXP_02_PHYSICAL_EXPERIMENTS_LABELED,STRONG_SHAKING,NORMAL,LOOSE_CONNECTION_ANOMALY,EXP_02_PHYSICAL_EXPERIMENTS_LABELED_S1,24717.200488728493,9195.890386471558,676.499517375385,415.6911691310379,22320.049495806736,2535.5942362534997,25393.700006103878,9611.581555602595,1.4863333333333333,0.0555957632278656
63200,3.3,1.431,1.465,3.276,88.2,294.0,-17500,5100,15900,7600,4300,1290,ELECTRICAL_FAULT,EXP_02_PHYSICAL_EXPERIMENTS_LABELED,STRONG_SHAKING,OPEN_CUT,MEASURED,EXP_02_PHYSICAL_EXPERIMENTS_LABELED_S1,24188.220273513303,8826.896396809017,528.9802152151897,368.9939896625401,23059.547628266017,2404.491417049294,25393.700006103878,9611.581555602595,2.0653333333333332,0.8731515077897738
